{"accuracy": [0.594795286655426, 0.8567975759506226, 0.9125790596008301, 0.9367645382881165, 0.9528447985649109, 0.9632079601287842, 0.969417154788971, 0.9744829535484314, 0.9778408408164978, 0.9822407960891724], "loss": [1.3911799192428589, 0.45153751969337463, 0.2703283727169037, 0.19372889399528503, 0.14305049180984497, 0.11134730279445648, 0.09358648955821991, 0.07564283907413483, 0.06875508278608322, 0.056195296347141266], "val_accuracy": [0.8381516337394714, 0.9025722742080688, 0.901035726070404, 0.9326200485229492, 0.9494081735610962, 0.9607899188995361, 0.9622695446014404, 0.9550421237945557, 0.9602777361869812, 0.9603345990180969], "val_loss": [0.5333847999572754, 0.30585184693336487, 0.3156355619430542, 0.213684543967247, 0.15725544095039368, 0.12418941408395767, 0.12135221809148788, 0.1505604237318039, 0.12659072875976562, 0.13799329102039337]}